label,duration_s,motor_poles,reversals,rev_spinup_ms_med,rev_motor_spread_ms_med,rev_peak_err_med,rev_peak_err_p90,steady_err_rms_roll,steady_err_rms_pitch,steady_err_rms_yaw,gyro_unfilt_400_1000_db_roll,gyro_filt_80_400_db_roll,dterm_rms_roll,dterm_rms_pitch,step_peak_roll,step_settle_roll,step_peak_pitch,step_settle_pitch,step_peak_yaw,step_settle_yaw
Pass 1 baseline,86.2,14,24,110.9,51.5,48.0,106.0,14.9,13.9,9.2,-5.8,-16.9,20.4,15.7,1.14,0.88,1.34,1.0,0.91,0.82
Pass 2 log5 (good flight),54.2,12,10,113.6,77.1,72.0,291.0,9.0,6.3,2.9,-4.7,-18.2,16.3,13.7,1.13,0.88,1.38,0.91,0.97,0.87
Pass 3,93.8,12,20,115.2,51.8,54.0,135.0,7.7,6.6,3.0,-4.4,-22.3,14.5,11.3,1.08,0.87,1.22,0.95,0.86,0.78
Pass 4 (crash trimmed),47.6,12,9,112.0,46.7,70.0,129.0,7.7,5.5,2.8,-5.2,-17.3,22.2,17.4,1.12,0.93,1.55,1.09,0.85,0.78
Pass 5 (tree trimmed),55.5,12,12,121.6,70.0,71.0,337.0,6.3,6.5,2.6,-4.7,-14.5,19.3,17.4,1.03,0.88,1.35,0.92,0.92,0.83
Pass 6,106.1,12,16,126.8,70.5,37.0,84.0,7.5,6.1,2.9,-5.0,-20.4,17.8,16.1,1.0,0.88,1.13,0.93,0.86,0.8
Pass 9 ESC C (duty3 kv5100),88.4,12,28,125.9,50.7,68.0,172.0,8.0,7.9,3.4,-3.9,-17.2,18.6,20.5,1.08,0.91,1.22,0.96,0.89,0.8
Pass 10 ESC D (duty4 kv2100),86.0,12,30,117.8,41.9,82.0,149.0,9.1,8.9,3.4,-5.5,-21.7,19.4,20.1,1.06,0.88,1.37,0.96,0.93,0.82
Pass 11 ESC E (duty3 kv2100),94.5,12,29,118.7,38.8,84.0,185.0,9.3,8.2,3.8,-6.1,-18.4,18.4,18.5,1.06,0.86,1.22,0.88,0.85,0.78
Pass 12 idle 2% (hits trimmed),62.5,12,20,113.4,35.3,46.0,158.0,7.9,7.1,3.6,-5.5,-19.5,18.7,18.0,1.04,0.87,1.2,0.97,0.87,0.79
Pass 13 roll D 38/44,97.2,12,37,105.6,42.6,43.0,108.0,8.5,8.3,3.7,-5.6,-18.3,22.9,20.2,1.04,0.85,1.25,0.97,0.87,0.77
Pass 14 thrust_linear 10,127.9,12,40,103.6,45.9,56.0,82.0,8.6,8.8,3.3,-5.9,-18.4,23.2,19.0,0.93,0.84,1.27,0.95,0.84,0.79
